{
  "atual": 6473.198421052632,
  "ano_anterior": 7574.512222222223,
  "variacao": -14.539732313567855
}